capital,sharpe,cagr,max_drawdown,execution_cost,cost_bps
100000.0,2.4842,0.199209,0.1003,15.81,1.58
1000000.0,2.45,0.1975,0.101,500.0,5.0
10000000.0,2.3419,0.192094,0.1032,15811.39,15.81
50000000.0,2.1464,0.182322,0.1071,176776.7,35.36
100000000.0,2.0,0.175,0.11,500000.0,50.0
500000000.0,1.382,0.144098,0.1224,5590169.94,111.8
1000000000.0,0.9189,0.120943,0.1316,15811388.3,158.11
