trend_regime,0-1d,1-5d,20+d,5-20d
DOWNTREND,0.0,-25149.82,0.0,68482.49
RANGE_BOUND,-10.0,8397.77,-5675.380000000001,-44041.51000000001
UPTREND,-16723.71,-25552.5,-34882.29,-121966.12
