vol_regime,0-1d,1-5d,20+d,5-20d
HIGH,-1106.41,-53242.89,-8090.859999999997,-152191.74
NORMAL,-15627.3,10938.34,-32466.809999999998,54666.6
